jshrink_caches/cga_macrobase-sql_main_public_test_customEntry0_classPath72b5c800.cache,./sample-projects/stanford-futuredata_macrobase/jshrink_caches/cga_macrobase-sql_main_public_test_customEntry0_classPath72b5c800.cache
jshrink_caches/cga_macrobase-core_main_public_test_customEntry0_classPathac2e2489.cache,./sample-projects/stanford-futuredata_macrobase/jshrink_caches/cga_macrobase-core_main_public_test_customEntry0_classPathac2e2489.cache
jshrink_caches/cga_macrobase-legacy_main_public_test_customEntry0_classPath2047eea1.cache,./sample-projects/stanford-futuredata_macrobase/jshrink_caches/cga_macrobase-legacy_main_public_test_customEntry0_classPath2047eea1.cache
jshrink_caches/cga_macrobase-frontend_main_public_test_customEntry0_classPathc851c5a6.cache,./sample-projects/stanford-futuredata_macrobase/jshrink_caches/cga_macrobase-frontend_main_public_test_customEntry0_classPathc851c5a6.cache
jshrink_caches/cga_macrobase-lib_main_public_test_customEntry0_classPathf58aaade.cache,./sample-projects/stanford-futuredata_macrobase/jshrink_caches/cga_macrobase-lib_main_public_test_customEntry0_classPathf58aaade.cache
jshrink_caches/cga_spring-rest-service-oauth_main_public_test_customEntry0_classPathd3877206.cache,./sample-projects/royclarkson_spring-rest-service-oauth/jshrink_caches/cga_spring-rest-service-oauth_main_public_test_customEntry0_classPathd3877206.cache
jshrink_caches/cga_querydsl-sql-codegen_main_public_test_customEntry0_classPathd1d914d9.cache,./sample-projects/querydsl_querydsl/jshrink_caches/cga_querydsl-sql-codegen_main_public_test_customEntry0_classPathd1d914d9.cache
jshrink_caches/cga_apollo-extra_main_public_test_customEntry0_classPath41e0bb43.cache,./sample-projects/spotify_apollo/jshrink_caches/cga_apollo-extra_main_public_test_customEntry0_classPath41e0bb43.cache
jshrink_caches/cga_apollo-api_main_public_test_customEntry0_classPathb108cf82.cache,./sample-projects/spotify_apollo/jshrink_caches/cga_apollo-api_main_public_test_customEntry0_classPathb108cf82.cache
jshrink_caches/cga_apollo-environment_main_public_test_customEntry0_classPath577c4f03.cache,./sample-projects/spotify_apollo/jshrink_caches/cga_apollo-environment_main_public_test_customEntry0_classPath577c4f03.cache
jshrink_caches/cga_apollo-core_main_public_test_customEntry0_classPath1034b199.cache,./sample-projects/spotify_apollo/jshrink_caches/cga_apollo-core_main_public_test_customEntry0_classPath1034b199.cache
jshrink_caches/cga_apollo-route_main_public_test_customEntry0_classPath3f5d0df8.cache,./sample-projects/spotify_apollo/jshrink_caches/cga_apollo-route_main_public_test_customEntry0_classPath3f5d0df8.cache
jshrink_caches/cga_protostuff-core_customEntry6f290_classPath5e7fb4c.cache,./sample-projects/protostuff_protostuff/jshrink_caches/cga_protostuff-core_customEntry6f290_classPath5e7fb4c.cache
jshrink_caches/cga_protostuff-collectionschema_main_public_test_customEntry0_classPath66b4cffe.cache,./sample-projects/protostuff_protostuff/jshrink_caches/cga_protostuff-collectionschema_main_public_test_customEntry0_classPath66b4cffe.cache
jshrink_caches/cga_protostuff-core_main_public_test_customEntry0_classPath5e7fb4c.cache,./sample-projects/protostuff_protostuff/jshrink_caches/cga_protostuff-core_main_public_test_customEntry0_classPath5e7fb4c.cache
jshrink_caches/cga_protostuff-benchmarks_main_public_test_customEntry0_classPath25773690.cache,./sample-projects/protostuff_protostuff/jshrink_caches/cga_protostuff-benchmarks_main_public_test_customEntry0_classPath25773690.cache
jshrink_caches/cga_protostuff-runtime-registry_customEntry76e_classPath3acd74f1.cache,./sample-projects/protostuff_protostuff/jshrink_caches/cga_protostuff-runtime-registry_customEntry76e_classPath3acd74f1.cache
jshrink_caches/cga_protostuff-api_main_public_test_customEntry0_classPathf40c5ef6.cache,./sample-projects/protostuff_protostuff/jshrink_caches/cga_protostuff-api_main_public_test_customEntry0_classPathf40c5ef6.cache
jshrink_caches/cga_protostuff-kvp_customEntry33b58_classPathbaea08ef.cache,./sample-projects/protostuff_protostuff/jshrink_caches/cga_protostuff-kvp_customEntry33b58_classPathbaea08ef.cache
jshrink_caches/cga_protostuff-runtime-md_main_public_test_customEntry0_classPathbba42be8.cache,./sample-projects/protostuff_protostuff/jshrink_caches/cga_protostuff-runtime-md_main_public_test_customEntry0_classPathbba42be8.cache
jshrink_caches/cga_protostuff-yaml_main_public_test_customEntry0_classPath66b4cffe.cache,./sample-projects/protostuff_protostuff/jshrink_caches/cga_protostuff-yaml_main_public_test_customEntry0_classPath66b4cffe.cache
jshrink_caches/cga_protostuff-runtime-view_customEntry3bbc_classPath3acd74f1.cache,./sample-projects/protostuff_protostuff/jshrink_caches/cga_protostuff-runtime-view_customEntry3bbc_classPath3acd74f1.cache
jshrink_caches/cga_protostuff-runtime_main_public_test_customEntry0_classPathbba42be8.cache,./sample-projects/protostuff_protostuff/jshrink_caches/cga_protostuff-runtime_main_public_test_customEntry0_classPathbba42be8.cache
jshrink_caches/cga_protostuff-parser_customEntry959_classPathaa1ad3cc.cache,./sample-projects/protostuff_protostuff/jshrink_caches/cga_protostuff-parser_customEntry959_classPathaa1ad3cc.cache
jshrink_caches/cga_protostuff-json_main_public_test_customEntry0_classPatha967d32b.cache,./sample-projects/protostuff_protostuff/jshrink_caches/cga_protostuff-json_main_public_test_customEntry0_classPatha967d32b.cache
jshrink_caches/cga_protostuff-yaml_customEntry7205_classPath66b4cffe.cache,./sample-projects/protostuff_protostuff/jshrink_caches/cga_protostuff-yaml_customEntry7205_classPath66b4cffe.cache
jshrink_caches/cga_protostuff-runtime-view_main_public_test_customEntry0_classPath3acd74f1.cache,./sample-projects/protostuff_protostuff/jshrink_caches/cga_protostuff-runtime-view_main_public_test_customEntry0_classPath3acd74f1.cache
jshrink_caches/cga_protostuff-it_main_public_test_customEntry0_classPath7440254.cache,./sample-projects/protostuff_protostuff/jshrink_caches/cga_protostuff-it_main_public_test_customEntry0_classPath7440254.cache
jshrink_caches/cga_protostuff-runtime_customEntry1cadd_classPathbba42be8.cache,./sample-projects/protostuff_protostuff/jshrink_caches/cga_protostuff-runtime_customEntry1cadd_classPathbba42be8.cache
jshrink_caches/cga_protostuff-api_customEntry3aa_classPathf40c5ef6.cache,./sample-projects/protostuff_protostuff/jshrink_caches/cga_protostuff-api_customEntry3aa_classPathf40c5ef6.cache
jshrink_caches/cga_protostuff-json_customEntry98758_classPatha967d32b.cache,./sample-projects/protostuff_protostuff/jshrink_caches/cga_protostuff-json_customEntry98758_classPatha967d32b.cache
jshrink_caches/cga_protostuff-runtime-md_customEntry8e1ea_classPathbba42be8.cache,./sample-projects/protostuff_protostuff/jshrink_caches/cga_protostuff-runtime-md_customEntry8e1ea_classPathbba42be8.cache
jshrink_caches/cga_protostuff-uberjar_main_public_test_customEntry0_classPath71192b52.cache,./sample-projects/protostuff_protostuff/jshrink_caches/cga_protostuff-uberjar_main_public_test_customEntry0_classPath71192b52.cache
jshrink_caches/cga_protostuff-compiler_main_public_test_customEntry0_classPathf2da3d1.cache,./sample-projects/protostuff_protostuff/jshrink_caches/cga_protostuff-compiler_main_public_test_customEntry0_classPathf2da3d1.cache
jshrink_caches/cga_protostuff-msgpack_customEntry3171d_classPathfd06303c.cache,./sample-projects/protostuff_protostuff/jshrink_caches/cga_protostuff-msgpack_customEntry3171d_classPathfd06303c.cache
jshrink_caches/cga_protostuff-compiler_customEntry16af5_classPathf2da3d1.cache,./sample-projects/protostuff_protostuff/jshrink_caches/cga_protostuff-compiler_customEntry16af5_classPathf2da3d1.cache
jshrink_caches/cga_protostuff-maven-plugin_main_public_test_customEntry0_classPath8eff6b67.cache,./sample-projects/protostuff_protostuff/jshrink_caches/cga_protostuff-maven-plugin_main_public_test_customEntry0_classPath8eff6b67.cache
jshrink_caches/cga_protostuff-collectionschema_customEntryc72c_classPath66b4cffe.cache,./sample-projects/protostuff_protostuff/jshrink_caches/cga_protostuff-collectionschema_customEntryc72c_classPath66b4cffe.cache
jshrink_caches/cga_protostuff-parser_main_public_test_customEntry0_classPathaa1ad3cc.cache,./sample-projects/protostuff_protostuff/jshrink_caches/cga_protostuff-parser_main_public_test_customEntry0_classPathaa1ad3cc.cache
jshrink_caches/cga_protostuff-msgpack_main_public_test_customEntry0_classPathfd06303c.cache,./sample-projects/protostuff_protostuff/jshrink_caches/cga_protostuff-msgpack_main_public_test_customEntry0_classPathfd06303c.cache
jshrink_caches/cga_protostuff-xml_customEntry43860_classPath22201840.cache,./sample-projects/protostuff_protostuff/jshrink_caches/cga_protostuff-xml_customEntry43860_classPath22201840.cache
jshrink_caches/cga_protostuff-it_customEntry8ee_classPath7440254.cache,./sample-projects/protostuff_protostuff/jshrink_caches/cga_protostuff-it_customEntry8ee_classPath7440254.cache
jshrink_caches/cga_protostuff-xml_main_public_test_customEntry0_classPath22201840.cache,./sample-projects/protostuff_protostuff/jshrink_caches/cga_protostuff-xml_main_public_test_customEntry0_classPath22201840.cache
jshrink_caches/cga_protostuff-kvp_main_public_test_customEntry0_classPathbaea08ef.cache,./sample-projects/protostuff_protostuff/jshrink_caches/cga_protostuff-kvp_main_public_test_customEntry0_classPathbaea08ef.cache
jshrink_caches/cga_protostuff-runtime-registry_main_public_test_customEntry0_classPath3acd74f1.cache,./sample-projects/protostuff_protostuff/jshrink_caches/cga_protostuff-runtime-registry_main_public_test_customEntry0_classPath3acd74f1.cache
jshrink_caches/cga_java-china_customEntry2ea_classPathf2708ed1.cache,./sample-projects/junicorn_java-china/jshrink_caches/cga_java-china_customEntry2ea_classPathf2708ed1.cache
jshrink_caches/cga_java-china_main_public_test_customEntry0_classPathf2708ed1.cache,./sample-projects/junicorn_java-china/jshrink_caches/cga_java-china_main_public_test_customEntry0_classPathf2708ed1.cache
jshrink_caches/cga_unirest-java_customEntryd008f_classPathf2af90e1.cache,./sample-projects/Mashape_unirest-java/jshrink_caches/cga_unirest-java_customEntryd008f_classPathf2af90e1.cache
jshrink_caches/cga_unirest-java_main_public_test_customEntry0_classPathf2af90e1.cache,./sample-projects/Mashape_unirest-java/jshrink_caches/cga_unirest-java_main_public_test_customEntry0_classPathf2af90e1.cache
jshrink_caches/cga_disconf-client_main_public_test_customEntry0_classPathe656789a.cache,./sample-projects/knightliao_disconf/jshrink_caches/cga_disconf-client_main_public_test_customEntry0_classPathe656789a.cache
jshrink_caches/cga_distributedlog_main_public_test_customEntry0_classPath0.cache,./sample-projects/twitter_distributedlog/jshrink_caches/cga_distributedlog_main_public_test_customEntry0_classPath0.cache
jshrink_caches/cga_distributedlog-basic_main_public_test_customEntry0_classPath970d5409.cache,./sample-projects/twitter_distributedlog/jshrink_caches/cga_distributedlog-basic_main_public_test_customEntry0_classPath970d5409.cache
jshrink_caches/cga_jjwt-orgjson_main_public_test_customEntry0_classPatha0d47012.cache,./sample-projects/jwtk_jjwt/jshrink_caches/cga_jjwt-orgjson_main_public_test_customEntry0_classPatha0d47012.cache
jshrink_caches/cga_jjwt-impl_main_public_test_customEntry0_classPathb2542280.cache,./sample-projects/jwtk_jjwt/jshrink_caches/cga_jjwt-impl_main_public_test_customEntry0_classPathb2542280.cache
jshrink_caches/cga_jjwt-api_main_public_test_customEntry0_classPathccd6f442.cache,./sample-projects/jwtk_jjwt/jshrink_caches/cga_jjwt-api_main_public_test_customEntry0_classPathccd6f442.cache
jshrink_caches/cga_jjwt-jackson_main_public_test_customEntry0_classPathf132862a.cache,./sample-projects/jwtk_jjwt/jshrink_caches/cga_jjwt-jackson_main_public_test_customEntry0_classPathf132862a.cache
jshrink_caches/cga_adapter-java8_main_public_test_customEntry0_classPathde652f1d.cache,./sample-projects/square_retrofit/jshrink_caches/cga_adapter-java8_main_public_test_customEntry0_classPathde652f1d.cache
jshrink_caches/cga_converter-protobuf_main_public_test_customEntry0_classPathd2792f32.cache,./sample-projects/square_retrofit/jshrink_caches/cga_converter-protobuf_main_public_test_customEntry0_classPathd2792f32.cache
jshrink_caches/cga_converter-gson_main_public_test_customEntry0_classPath9fee3522.cache,./sample-projects/square_retrofit/jshrink_caches/cga_converter-gson_main_public_test_customEntry0_classPath9fee3522.cache
jshrink_caches/cga_adapter-rxjava2_main_public_test_customEntry0_classPath2b3fe88f.cache,./sample-projects/square_retrofit/jshrink_caches/cga_adapter-rxjava2_main_public_test_customEntry0_classPath2b3fe88f.cache
jshrink_caches/cga_converter-scalars_main_public_test_customEntry0_classPathd61b0937.cache,./sample-projects/square_retrofit/jshrink_caches/cga_converter-scalars_main_public_test_customEntry0_classPathd61b0937.cache
jshrink_caches/cga_converter-jackson_main_public_test_customEntry0_classPath623bc640.cache,./sample-projects/square_retrofit/jshrink_caches/cga_converter-jackson_main_public_test_customEntry0_classPath623bc640.cache
jshrink_caches/cga_converter-moshi_main_public_test_customEntry0_classPath6afc3162.cache,./sample-projects/square_retrofit/jshrink_caches/cga_converter-moshi_main_public_test_customEntry0_classPath6afc3162.cache
jshrink_caches/cga_retrofit-mock_main_public_test_customEntry0_classPathf36abced.cache,./sample-projects/square_retrofit/jshrink_caches/cga_retrofit-mock_main_public_test_customEntry0_classPathf36abced.cache
jshrink_caches/cga_converter-wire_main_public_test_customEntry0_classPath68902f1f.cache,./sample-projects/square_retrofit/jshrink_caches/cga_converter-wire_main_public_test_customEntry0_classPath68902f1f.cache
jshrink_caches/cga_converter-guava_main_public_test_customEntry0_classPathde652f1d.cache,./sample-projects/square_retrofit/jshrink_caches/cga_converter-guava_main_public_test_customEntry0_classPathde652f1d.cache
jshrink_caches/cga_converter-java8_main_public_test_customEntry0_classPathd61b0937.cache,./sample-projects/square_retrofit/jshrink_caches/cga_converter-java8_main_public_test_customEntry0_classPathd61b0937.cache
jshrink_caches/cga_adapter-scala_main_public_test_customEntry0_classPathd73750e6.cache,./sample-projects/square_retrofit/jshrink_caches/cga_adapter-scala_main_public_test_customEntry0_classPathd73750e6.cache
jshrink_caches/cga_converter-jaxb_main_public_test_customEntry0_classPath2dd55ffc.cache,./sample-projects/square_retrofit/jshrink_caches/cga_converter-jaxb_main_public_test_customEntry0_classPath2dd55ffc.cache
jshrink_caches/cga_converter-simplexml_main_public_test_customEntry0_classPathc7a03dd4.cache,./sample-projects/square_retrofit/jshrink_caches/cga_converter-simplexml_main_public_test_customEntry0_classPathc7a03dd4.cache
jshrink_caches/cga_adapter-rxjava_main_public_test_customEntry0_classPath23c88a1d.cache,./sample-projects/square_retrofit/jshrink_caches/cga_adapter-rxjava_main_public_test_customEntry0_classPath23c88a1d.cache
jshrink_caches/cga_adapter-guava_main_public_test_customEntry0_classPathde652f1d.cache,./sample-projects/square_retrofit/jshrink_caches/cga_adapter-guava_main_public_test_customEntry0_classPathde652f1d.cache
jshrink_caches/cga_samples_main_public_test_customEntry0_classPath46c6c3f3.cache,./sample-projects/square_retrofit/jshrink_caches/cga_samples_main_public_test_customEntry0_classPath46c6c3f3.cache
jshrink_caches/cga_retrofit_main_public_test_customEntry0_classPath7981bac4.cache,./sample-projects/square_retrofit/jshrink_caches/cga_retrofit_main_public_test_customEntry0_classPath7981bac4.cache
jshrink_caches/cga_junit_main_public_test_customEntry0_classPathbe0d257.cache,./sample-projects/junit-team_junit4/jshrink_caches/cga_junit_main_public_test_customEntry0_classPathbe0d257.cache
jshrink_caches/cga_junit_customEntry48374_classPathbe0d257.cache,./sample-projects/junit-team_junit4/jshrink_caches/cga_junit_customEntry48374_classPathbe0d257.cache
jshrink_caches/cga_apns_main_public_test_customEntry0_classPath8aecb0da.cache,./sample-projects/notnoop_java-apns/jshrink_caches/cga_apns_main_public_test_customEntry0_classPath8aecb0da.cache
jshrink_caches/cga_apns_customEntry53236_classPath8aecb0da.cache,./sample-projects/notnoop_java-apns/jshrink_caches/cga_apns_customEntry53236_classPath8aecb0da.cache
jshrink_caches/cga_zt-zip_main_public_test_customEntry0_classPath4136f938.cache,./sample-projects/zeroturnaround_zt-zip/jshrink_caches/cga_zt-zip_main_public_test_customEntry0_classPath4136f938.cache
jshrink_caches/cga_zt-zip_customEntry2277e_classPath4136f938.cache,./sample-projects/zeroturnaround_zt-zip/jshrink_caches/cga_zt-zip_customEntry2277e_classPath4136f938.cache
jshrink_caches/cga_pac4j-mongo_main_public_test_customEntry0_classPath67cbbe93.cache,./sample-projects/pac4j_pac4j/jshrink_caches/cga_pac4j-mongo_main_public_test_customEntry0_classPath67cbbe93.cache
jshrink_caches/cga_pac4j-oidc_main_public_test_customEntry0_classPathcab8cfdf.cache,./sample-projects/pac4j_pac4j/jshrink_caches/cga_pac4j-oidc_main_public_test_customEntry0_classPathcab8cfdf.cache
jshrink_caches/cga_pac4j-config_main_public_test_customEntry0_classPathcbb51aaa.cache,./sample-projects/pac4j_pac4j/jshrink_caches/cga_pac4j-config_main_public_test_customEntry0_classPathcbb51aaa.cache
jshrink_caches/cga_pac4j-cas_main_public_test_customEntry0_classPathe868062e.cache,./sample-projects/pac4j_pac4j/jshrink_caches/cga_pac4j-cas_main_public_test_customEntry0_classPathe868062e.cache
jshrink_caches/cga_pac4j-saml_main_public_test_customEntry0_classPath64b94b8b.cache,./sample-projects/pac4j_pac4j/jshrink_caches/cga_pac4j-saml_main_public_test_customEntry0_classPath64b94b8b.cache
jshrink_caches/cga_pagehelper_main_public_test_customEntry0_classPathd9b13dcd.cache,./sample-projects/pagehelper_Mybatis-PageHelper/jshrink_caches/cga_pagehelper_main_public_test_customEntry0_classPathd9b13dcd.cache
jshrink_caches/cga_pagehelper_customEntry85c2e_classPathd9b13dcd.cache,./sample-projects/pagehelper_Mybatis-PageHelper/jshrink_caches/cga_pagehelper_customEntry85c2e_classPathd9b13dcd.cache
jshrink_caches/cga_curator-x-zkclient-bridge_customEntry29add_classPathd7e707ee.cache,./sample-projects/Netflix_curator/jshrink_caches/cga_curator-x-zkclient-bridge_customEntry29add_classPathd7e707ee.cache
jshrink_caches/cga_curator-x-zkclient-bridge_main_public_test_customEntry0_classPathd7e707ee.cache,./sample-projects/Netflix_curator/jshrink_caches/cga_curator-x-zkclient-bridge_main_public_test_customEntry0_classPathd7e707ee.cache
jshrink_caches/cga_jeromq_main_public_test_customEntry0_classPath98e3fa11.cache,./sample-projects/zeromq_jeromq/jshrink_caches/cga_jeromq_main_public_test_customEntry0_classPath98e3fa11.cache
jshrink_caches/cga_nanohttpd-apache-fileupload_customEntry986f_classPathff7e9faf.cache,./sample-projects/NanoHttpd_nanohttpd/jshrink_caches/cga_nanohttpd-apache-fileupload_customEntry986f_classPathff7e9faf.cache
jshrink_caches/cga_nanohttpd_main_public_test_customEntry0_classPath0.cache,./sample-projects/NanoHttpd_nanohttpd/jshrink_caches/cga_nanohttpd_main_public_test_customEntry0_classPath0.cache
jshrink_caches/cga_nanohttpd-webserver-markdown-plugin_main_public_test_customEntry0_classPath0.cache,./sample-projects/NanoHttpd_nanohttpd/jshrink_caches/cga_nanohttpd-webserver-markdown-plugin_main_public_test_customEntry0_classPath0.cache
jshrink_caches/cga_nanohttpd-project_main_public_test_customEntry0_classPath0.cache,./sample-projects/NanoHttpd_nanohttpd/jshrink_caches/cga_nanohttpd-project_main_public_test_customEntry0_classPath0.cache
jshrink_caches/cga_nanohttpd-webserver_main_public_test_customEntry0_classPathf541f58f.cache,./sample-projects/NanoHttpd_nanohttpd/jshrink_caches/cga_nanohttpd-webserver_main_public_test_customEntry0_classPathf541f58f.cache
jshrink_caches/cga_nanohttpd-websocket_main_public_test_customEntry0_classPath0.cache,./sample-projects/NanoHttpd_nanohttpd/jshrink_caches/cga_nanohttpd-websocket_main_public_test_customEntry0_classPath0.cache
jshrink_caches/cga_nanohttpd-nanolets_main_public_test_customEntry0_classPathf541f58f.cache,./sample-projects/NanoHttpd_nanohttpd/jshrink_caches/cga_nanohttpd-nanolets_main_public_test_customEntry0_classPathf541f58f.cache
jshrink_caches/cga_nanohttpd-webserver_customEntry358_classPathf541f58f.cache,./sample-projects/NanoHttpd_nanohttpd/jshrink_caches/cga_nanohttpd-webserver_customEntry358_classPathf541f58f.cache
jshrink_caches/cga_nanohttpd-apache-fileupload_main_public_test_customEntry0_classPathff7e9faf.cache,./sample-projects/NanoHttpd_nanohttpd/jshrink_caches/cga_nanohttpd-apache-fileupload_main_public_test_customEntry0_classPathff7e9faf.cache
jshrink_caches/cga_nanohttpd-nanolets_customEntry5f3_classPathf541f58f.cache,./sample-projects/NanoHttpd_nanohttpd/jshrink_caches/cga_nanohttpd-nanolets_customEntry5f3_classPathf541f58f.cache
jshrink_caches/cga_nanohttpd-samples_main_public_test_customEntry0_classPath0.cache,./sample-projects/NanoHttpd_nanohttpd/jshrink_caches/cga_nanohttpd-samples_main_public_test_customEntry0_classPath0.cache
jshrink_caches/cga_gecco_main_public_test_customEntry0_classPath63f52d9f.cache,./sample-projects/xtuhcy_gecco/jshrink_caches/cga_gecco_main_public_test_customEntry0_classPath63f52d9f.cache
jshrink_caches/cga_ninja-maven-plugin_main_public_test_customEntry0_classPath705d8ccf.cache,./sample-projects/ninjaframework_ninja/jshrink_caches/cga_ninja-maven-plugin_main_public_test_customEntry0_classPath705d8ccf.cache
jshrink_caches/cga_ninja-standalone_main_public_test_customEntry0_classPath7c15907c.cache,./sample-projects/ninjaframework_ninja/jshrink_caches/cga_ninja-standalone_main_public_test_customEntry0_classPath7c15907c.cache
jshrink_caches/cga_ninja-postoffice_main_public_test_customEntry0_classPathef5e3715.cache,./sample-projects/ninjaframework_ninja/jshrink_caches/cga_ninja-postoffice_main_public_test_customEntry0_classPathef5e3715.cache
jshrink_caches/cga_jeesite_main_public_test_customEntry0_classPathb7c70648.cache,./sample-projects/thinkgem_jeesite/jshrink_caches/cga_jeesite_main_public_test_customEntry0_classPathb7c70648.cache
jshrink_caches/cga_jeesite_customEntry942e_classPathb7c70648.cache,./sample-projects/thinkgem_jeesite/jshrink_caches/cga_jeesite_customEntry942e_classPathb7c70648.cache
jshrink_caches/cga_cachecloud-open-client-basic_main_public_test_customEntry0_classPath466cbe5c.cache,./sample-projects/sohutv_cachecloud/jshrink_caches/cga_cachecloud-open-client-basic_main_public_test_customEntry0_classPath466cbe5c.cache
jshrink_caches/cga_algorithms_customEntryb5ac_classPathf40c5ef6.cache,./sample-projects/pedrovgs_Algorithms/jshrink_caches/cga_algorithms_customEntryb5ac_classPathf40c5ef6.cache
jshrink_caches/cga_algorithms_main_public_test_customEntry0_classPathf40c5ef6.cache,./sample-projects/pedrovgs_Algorithms/jshrink_caches/cga_algorithms_main_public_test_customEntry0_classPathf40c5ef6.cache
jshrink_caches/cga_javapoet_customEntryabea3_classPath30270c2b.cache,./sample-projects/square_javapoet/jshrink_caches/cga_javapoet_customEntryabea3_classPath30270c2b.cache
jshrink_caches/cga_javapoet_main_public_test_customEntry0_classPath30270c2b.cache,./sample-projects/square_javapoet/jshrink_caches/cga_javapoet_main_public_test_customEntry0_classPath30270c2b.cache
jshrink_caches/cga_joda-time_main_public_test_customEntry0_classPath99c84b5d.cache,./sample-projects/JodaOrg_joda-time/jshrink_caches/cga_joda-time_main_public_test_customEntry0_classPath99c84b5d.cache
jshrink_caches/cga_joda-time_customEntry43eea_classPath99c84b5d.cache,./sample-projects/JodaOrg_joda-time/jshrink_caches/cga_joda-time_customEntry43eea_classPath99c84b5d.cache
jshrink_caches/cga_jsoup_customEntryb3a4_classPath4f1d08ed.cache,./sample-projects/jhy_jsoup/jshrink_caches/cga_jsoup_customEntryb3a4_classPath4f1d08ed.cache
jshrink_caches/cga_jsoup_main_public_test_customEntry0_classPath4f1d08ed.cache,./sample-projects/jhy_jsoup/jshrink_caches/cga_jsoup_main_public_test_customEntry0_classPath4f1d08ed.cache
jshrink_caches/cga_autoload-cache_main_public_test_customEntry0_classPath7ac25f8.cache,./sample-projects/qiujiayu_AutoLoadCache/jshrink_caches/cga_autoload-cache_main_public_test_customEntry0_classPath7ac25f8.cache
jshrink_caches/cga_autoload-cache_customEntry2f692_classPath7ac25f8.cache,./sample-projects/qiujiayu_AutoLoadCache/jshrink_caches/cga_autoload-cache_customEntry2f692_classPath7ac25f8.cache
jshrink_caches/cga_maven-wrapper_main_public_test_customEntry0_classPath1fdb8c19.cache,./sample-projects/takari_maven-wrapper/jshrink_caches/cga_maven-wrapper_main_public_test_customEntry0_classPath1fdb8c19.cache
jshrink_caches/cga_maven-wrapper_customEntry62e5a_classPath1fdb8c19.cache,./sample-projects/takari_maven-wrapper/jshrink_caches/cga_maven-wrapper_customEntry62e5a_classPath1fdb8c19.cache
jshrink_caches/cga_lanterna_customEntry2180d_classPathf41a7677.cache,./sample-projects/mabe02_lanterna/jshrink_caches/cga_lanterna_customEntry2180d_classPathf41a7677.cache
jshrink_caches/cga_lanterna_main_public_test_customEntry0_classPathf41a7677.cache,./sample-projects/mabe02_lanterna/jshrink_caches/cga_lanterna_main_public_test_customEntry0_classPathf41a7677.cache
jshrink_caches/cga_webcam-capture-driver-mjpeg_main_public_test_customEntry0_classPath9b1c772a.cache,./sample-projects/sarxos_webcam-capture/jshrink_caches/cga_webcam-capture-driver-mjpeg_main_public_test_customEntry0_classPath9b1c772a.cache
jshrink_caches/cga_webcam-capture-driver-opencv_main_public_test_customEntry0_classPath44f82ae0.cache,./sample-projects/sarxos_webcam-capture/jshrink_caches/cga_webcam-capture-driver-opencv_main_public_test_customEntry0_classPath44f82ae0.cache
jshrink_caches/cga_webcam-capture-driver-gstreamer_main_public_test_customEntry0_classPathee48f3d6.cache,./sample-projects/sarxos_webcam-capture/jshrink_caches/cga_webcam-capture-driver-gstreamer_main_public_test_customEntry0_classPathee48f3d6.cache
jshrink_caches/cga_webcam-capture-driver-ffmpeg-cli_main_public_test_customEntry0_classPath7620fe45.cache,./sample-projects/sarxos_webcam-capture/jshrink_caches/cga_webcam-capture-driver-ffmpeg-cli_main_public_test_customEntry0_classPath7620fe45.cache
jshrink_caches/cga_webcam-capture-driver-screencapture_main_public_test_customEntry0_classPath9b1c772a.cache,./sample-projects/sarxos_webcam-capture/jshrink_caches/cga_webcam-capture-driver-screencapture_main_public_test_customEntry0_classPath9b1c772a.cache
jshrink_caches/cga_webcam-capture-driver-vlcj_customEntry606d9_classPath64f9231e.cache,./sample-projects/sarxos_webcam-capture/jshrink_caches/cga_webcam-capture-driver-vlcj_customEntry606d9_classPath64f9231e.cache
jshrink_caches/cga_webcam-capture-driver-jmf_main_public_test_customEntry0_classPath9920267c.cache,./sample-projects/sarxos_webcam-capture/jshrink_caches/cga_webcam-capture-driver-jmf_main_public_test_customEntry0_classPath9920267c.cache
jshrink_caches/cga_webcam-capture-driver-openimaj_main_public_test_customEntry0_classPathf35a09e3.cache,./sample-projects/sarxos_webcam-capture/jshrink_caches/cga_webcam-capture-driver-openimaj_main_public_test_customEntry0_classPathf35a09e3.cache
jshrink_caches/cga_webcam-capture-driver-vlcj_main_public_test_customEntry0_classPath64f9231e.cache,./sample-projects/sarxos_webcam-capture/jshrink_caches/cga_webcam-capture-driver-vlcj_main_public_test_customEntry0_classPath64f9231e.cache
jshrink_caches/cga_webcam-capture-driver-lti-civil_main_public_test_customEntry0_classPath1c5b6b35.cache,./sample-projects/sarxos_webcam-capture/jshrink_caches/cga_webcam-capture-driver-lti-civil_main_public_test_customEntry0_classPath1c5b6b35.cache
jshrink_caches/cga_webcam-capture-driver-ipcam_customEntry16ef_classPath5d5cbf9c.cache,./sample-projects/sarxos_webcam-capture/jshrink_caches/cga_webcam-capture-driver-ipcam_customEntry16ef_classPath5d5cbf9c.cache
jshrink_caches/cga_webcam-capture_customEntry2317b_classPath16ce5810.cache,./sample-projects/sarxos_webcam-capture/jshrink_caches/cga_webcam-capture_customEntry2317b_classPath16ce5810.cache
jshrink_caches/cga_webcam-capture-driver-v4l4j_main_public_test_customEntry0_classPath48324547.cache,./sample-projects/sarxos_webcam-capture/jshrink_caches/cga_webcam-capture-driver-v4l4j_main_public_test_customEntry0_classPath48324547.cache
jshrink_caches/cga_webcam-capture_main_public_test_customEntry0_classPath16ce5810.cache,./sample-projects/sarxos_webcam-capture/jshrink_caches/cga_webcam-capture_main_public_test_customEntry0_classPath16ce5810.cache
jshrink_caches/cga_webcam-capture-driver-gst1_main_public_test_customEntry0_classPath3c3e840c.cache,./sample-projects/sarxos_webcam-capture/jshrink_caches/cga_webcam-capture-driver-gst1_main_public_test_customEntry0_classPath3c3e840c.cache
jshrink_caches/cga_webcam-capture-driver-fswebcam_main_public_test_customEntry0_classPath31260fd8.cache,./sample-projects/sarxos_webcam-capture/jshrink_caches/cga_webcam-capture-driver-fswebcam_main_public_test_customEntry0_classPath31260fd8.cache
jshrink_caches/cga_webcam-capture-driver-ipcam_main_public_test_customEntry0_classPath5d5cbf9c.cache,./sample-projects/sarxos_webcam-capture/jshrink_caches/cga_webcam-capture-driver-ipcam_main_public_test_customEntry0_classPath5d5cbf9c.cache
jshrink_caches/cga_muxer_customEntryd26_classPath7ed31a3c.cache,./sample-projects/sannies_mp4parser/jshrink_caches/cga_muxer_customEntryd26_classPath7ed31a3c.cache
jshrink_caches/cga_isoparser_customEntry2d147_classPath23d00b87.cache,./sample-projects/sannies_mp4parser/jshrink_caches/cga_isoparser_customEntry2d147_classPath23d00b87.cache
jshrink_caches/cga_isoparser_main_public_test_customEntry0_classPath23d00b87.cache,./sample-projects/sannies_mp4parser/jshrink_caches/cga_isoparser_main_public_test_customEntry0_classPath23d00b87.cache
jshrink_caches/cga_muxer_main_public_test_customEntry0_classPath7ed31a3c.cache,./sample-projects/sannies_mp4parser/jshrink_caches/cga_muxer_main_public_test_customEntry0_classPath7ed31a3c.cache
jshrink_caches/cga_streaming_customEntry84f7_classPathde617e13.cache,./sample-projects/sannies_mp4parser/jshrink_caches/cga_streaming_customEntry84f7_classPathde617e13.cache
jshrink_caches/cga_examples_main_public_test_customEntry0_classPathb5485104.cache,./sample-projects/sannies_mp4parser/jshrink_caches/cga_examples_main_public_test_customEntry0_classPathb5485104.cache
jshrink_caches/cga_streaming_main_public_test_customEntry0_classPathde617e13.cache,./sample-projects/sannies_mp4parser/jshrink_caches/cga_streaming_main_public_test_customEntry0_classPathde617e13.cache
jshrink_caches/cga_moshi-adapters_main_public_test_customEntry0_classPath57419b07.cache,./sample-projects/square_moshi/jshrink_caches/cga_moshi-adapters_main_public_test_customEntry0_classPath57419b07.cache
jshrink_caches/cga_moshi_customEntry39059_classPathf58f1f2b.cache,./sample-projects/square_moshi/jshrink_caches/cga_moshi_customEntry39059_classPathf58f1f2b.cache
jshrink_caches/cga_moshi_main_public_test_customEntry0_classPathf58f1f2b.cache,./sample-projects/square_moshi/jshrink_caches/cga_moshi_main_public_test_customEntry0_classPathf58f1f2b.cache
jshrink_caches/cga_moshi-adapters_customEntry624_classPath57419b07.cache,./sample-projects/square_moshi/jshrink_caches/cga_moshi-adapters_customEntry624_classPath57419b07.cache
jshrink_caches/cga_moshi-examples_main_public_test_customEntry0_classPath9f349ab5.cache,./sample-projects/square_moshi/jshrink_caches/cga_moshi-examples_main_public_test_customEntry0_classPath9f349ab5.cache
jshrink_caches/cga_org.openhab.binding.intertechno_main_public_test_customEntry0_classPatha957f764.cache,./sample-projects/openhab_openhab/jshrink_caches/cga_org.openhab.binding.intertechno_main_public_test_customEntry0_classPatha957f764.cache
jshrink_caches/cga_org.openhab.binding.enigma2.test_main_public_test_customEntry0_classPath17171076.cache,./sample-projects/openhab_openhab/jshrink_caches/cga_org.openhab.binding.enigma2.test_main_public_test_customEntry0_classPath17171076.cache
jshrink_caches/cga_org.openhab.binding.openenergymonitor_main_public_test_customEntry0_classPathadd4bcaa.cache,./sample-projects/openhab_openhab/jshrink_caches/cga_org.openhab.binding.openenergymonitor_main_public_test_customEntry0_classPathadd4bcaa.cache
jshrink_caches/cga_org.openhab.binding.dmx.test_main_public_test_customEntry0_classPath4d26a84e.cache,./sample-projects/openhab_openhab/jshrink_caches/cga_org.openhab.binding.dmx.test_main_public_test_customEntry0_classPath4d26a84e.cache
jshrink_caches/cga_org.openhab.binding.pilight.test_main_public_test_customEntry0_classPath38d5fbfc.cache,./sample-projects/openhab_openhab/jshrink_caches/cga_org.openhab.binding.pilight.test_main_public_test_customEntry0_classPath38d5fbfc.cache
jshrink_caches/cga_org.openhab.binding.ecobee_main_public_test_customEntry0_classPath936e31c7.cache,./sample-projects/openhab_openhab/jshrink_caches/cga_org.openhab.binding.ecobee_main_public_test_customEntry0_classPath936e31c7.cache
jshrink_caches/cga_org.openhab.binding.primare_main_public_test_customEntry0_classPath75e8986e.cache,./sample-projects/openhab_openhab/jshrink_caches/cga_org.openhab.binding.primare_main_public_test_customEntry0_classPath75e8986e.cache
jshrink_caches/cga_org.openhab.binding.withings_main_public_test_customEntry0_classPath260d121e.cache,./sample-projects/openhab_openhab/jshrink_caches/cga_org.openhab.binding.withings_main_public_test_customEntry0_classPath260d121e.cache
jshrink_caches/cga_org.openhab.binding.wemo_main_public_test_customEntry0_classPathedbb5ccc.cache,./sample-projects/openhab_openhab/jshrink_caches/cga_org.openhab.binding.wemo_main_public_test_customEntry0_classPathedbb5ccc.cache
jshrink_caches/cga_org.openhab.binding.powerdoglocalapi_main_public_test_customEntry0_classPathb4c058ed.cache,./sample-projects/openhab_openhab/jshrink_caches/cga_org.openhab.binding.powerdoglocalapi_main_public_test_customEntry0_classPathb4c058ed.cache
jshrink_caches/cga_org.openhab.persistence.jpa_main_public_test_customEntry0_classPathaa93a2e8.cache,./sample-projects/openhab_openhab/jshrink_caches/cga_org.openhab.persistence.jpa_main_public_test_customEntry0_classPathaa93a2e8.cache
jshrink_caches/cga_org.openhab.persistence.caldav_main_public_test_customEntry0_classPatha8fd6643.cache,./sample-projects/openhab_openhab/jshrink_caches/cga_org.openhab.persistence.caldav_main_public_test_customEntry0_classPatha8fd6643.cache
jshrink_caches/cga_org.openhab.io.gpio_main_public_test_customEntry0_classPath3a8dc60b.cache,./sample-projects/openhab_openhab/jshrink_caches/cga_org.openhab.io.gpio_main_public_test_customEntry0_classPath3a8dc60b.cache
jshrink_caches/cga_org.openhab.binding.pilight_main_public_test_customEntry0_classPathedbb5ccc.cache,./sample-projects/openhab_openhab/jshrink_caches/cga_org.openhab.binding.pilight_main_public_test_customEntry0_classPathedbb5ccc.cache
jshrink_caches/cga_parceler-api_main_public_test_customEntry0_classPath2e8ea353.cache,./sample-projects/johncarl81_parceler/jshrink_caches/cga_parceler-api_main_public_test_customEntry0_classPath2e8ea353.cache
jshrink_caches/cga_parceler_main_public_test_customEntry0_classPathb8743380.cache,./sample-projects/johncarl81_parceler/jshrink_caches/cga_parceler_main_public_test_customEntry0_classPathb8743380.cache
jshrink_caches/cga_parceler_customEntry6ff04e_classPathb8743380.cache,./sample-projects/johncarl81_parceler/jshrink_caches/cga_parceler_customEntry6ff04e_classPathb8743380.cache
jshrink_caches/cga_parceler-api_customEntry81eb_classPath2e8ea353.cache,./sample-projects/johncarl81_parceler/jshrink_caches/cga_parceler-api_customEntry81eb_classPath2e8ea353.cache
jshrink_caches/cga_netty-socketio_main_public_test_customEntry0_classPath9cde793b.cache,./sample-projects/mrniko_netty-socketio/jshrink_caches/cga_netty-socketio_main_public_test_customEntry0_classPath9cde793b.cache
jshrink_caches/cga_reactor_main_public_test_customEntry0_classPath0.cache,./sample-projects/SAP_openui5/jshrink_caches/cga_reactor_main_public_test_customEntry0_classPath0.cache
jshrink_caches/cga_http-request_main_public_test_customEntry0_classPath4ef09de9.cache,./sample-projects/kevinsawicki_http-request/jshrink_caches/cga_http-request_main_public_test_customEntry0_classPath4ef09de9.cache
jshrink_caches/cga_http-request_customEntry8143_classPath4ef09de9.cache,./sample-projects/kevinsawicki_http-request/jshrink_caches/cga_http-request_customEntry8143_classPath4ef09de9.cache
jshrink_caches/cga_spark-core_customEntry8b7e2_classPath753ed9c.cache,./sample-projects/perwendel_spark/jshrink_caches/cga_spark-core_customEntry8b7e2_classPath753ed9c.cache
jshrink_caches/cga_spark-core_main_public_test_customEntry0_classPath753ed9c.cache,./sample-projects/perwendel_spark/jshrink_caches/cga_spark-core_main_public_test_customEntry0_classPath753ed9c.cache
jshrink_caches/cga_tomighty-api_customEntry3f8_classPath399345d5.cache,./sample-projects/tomighty_tomighty/jshrink_caches/cga_tomighty-api_customEntry3f8_classPath399345d5.cache
jshrink_caches/cga_tomighty-swing_customEntry431a5_classPathf5b3142c.cache,./sample-projects/tomighty_tomighty/jshrink_caches/cga_tomighty-swing_customEntry431a5_classPathf5b3142c.cache
jshrink_caches/cga_tomighty-swing_main_public_test_customEntry0_classPathf5b3142c.cache,./sample-projects/tomighty_tomighty/jshrink_caches/cga_tomighty-swing_main_public_test_customEntry0_classPathf5b3142c.cache
jshrink_caches/cga_tomighty-api_main_public_test_customEntry0_classPath399345d5.cache,./sample-projects/tomighty_tomighty/jshrink_caches/cga_tomighty-api_main_public_test_customEntry0_classPath399345d5.cache
jshrink_caches/cga_Java-WebSocket_customEntrye877_classPathd3590d81.cache,./sample-projects/TooTallNate_Java-WebSocket/jshrink_caches/cga_Java-WebSocket_customEntrye877_classPathd3590d81.cache
jshrink_caches/cga_Java-WebSocket_main_public_test_customEntry0_classPathd3590d81.cache,./sample-projects/TooTallNate_Java-WebSocket/jshrink_caches/cga_Java-WebSocket_main_public_test_customEntry0_classPathd3590d81.cache
jshrink_caches/cga_weixin-popular_main_public_test_customEntry0_classPathdc9b9745.cache,./sample-projects/liyiorg_weixin-popular/jshrink_caches/cga_weixin-popular_main_public_test_customEntry0_classPathdc9b9745.cache
jshrink_caches/cga_processor_main_public_test_customEntry0_classPathf2254f1d.cache,./sample-projects/sockeqwe_fragmentargs/jshrink_caches/cga_processor_main_public_test_customEntry0_classPathf2254f1d.cache
jshrink_caches/cga_bundler-parceler_main_public_test_customEntry0_classPath85f8b98d.cache,./sample-projects/sockeqwe_fragmentargs/jshrink_caches/cga_bundler-parceler_main_public_test_customEntry0_classPath85f8b98d.cache
jshrink_caches/cga_annotation_main_public_test_customEntry0_classPathaff88ed3.cache,./sample-projects/sockeqwe_fragmentargs/jshrink_caches/cga_annotation_main_public_test_customEntry0_classPathaff88ed3.cache
jshrink_caches/cga_processor_customEntry63f6c_classPathf2254f1d.cache,./sample-projects/sockeqwe_fragmentargs/jshrink_caches/cga_processor_customEntry63f6c_classPathf2254f1d.cache
jshrink_caches/cga_allure-commandline_main_public_test_customEntry0_classPath75ded22e.cache,./sample-projects/allure-framework_allure-core/jshrink_caches/cga_allure-commandline_main_public_test_customEntry0_classPath75ded22e.cache
jshrink_caches/cga_allure-model_main_public_test_customEntry0_classPath159a0551.cache,./sample-projects/allure-framework_allure-core/jshrink_caches/cga_allure-model_main_public_test_customEntry0_classPath159a0551.cache
jshrink_caches/cga_allure-java-adaptor-api_main_public_test_customEntry0_classPathdeea8e0e.cache,./sample-projects/allure-framework_allure-core/jshrink_caches/cga_allure-java-adaptor-api_main_public_test_customEntry0_classPathdeea8e0e.cache
jshrink_caches/cga_allure-java-annotations_main_public_test_customEntry0_classPath446718fd.cache,./sample-projects/allure-framework_allure-core/jshrink_caches/cga_allure-java-annotations_main_public_test_customEntry0_classPath446718fd.cache
jshrink_caches/cga_allure-java-aspects_main_public_test_customEntry0_classPath1716e3c7.cache,./sample-projects/allure-framework_allure-core/jshrink_caches/cga_allure-java-aspects_main_public_test_customEntry0_classPath1716e3c7.cache
jshrink_caches/cga_allure-bundle_main_public_test_customEntry0_classPatheaca72f1.cache,./sample-projects/allure-framework_allure-core/jshrink_caches/cga_allure-bundle_main_public_test_customEntry0_classPatheaca72f1.cache
jshrink_caches/cga_allure-report-face_main_public_test_customEntry0_classPath0.cache,./sample-projects/allure-framework_allure-core/jshrink_caches/cga_allure-report-face_main_public_test_customEntry0_classPath0.cache
jshrink_caches/cga_allure-report-plugin-api_main_public_test_customEntry0_classPathebb1d3dc.cache,./sample-projects/allure-framework_allure-core/jshrink_caches/cga_allure-report-plugin-api_main_public_test_customEntry0_classPathebb1d3dc.cache
jshrink_caches/cga_allure-commons_main_public_test_customEntry0_classPath8c8bbff0.cache,./sample-projects/allure-framework_allure-core/jshrink_caches/cga_allure-commons_main_public_test_customEntry0_classPath8c8bbff0.cache
jshrink_caches/cga_jimfs_main_public_test_customEntry0_classPathd182402c.cache,./sample-projects/google_jimfs/jshrink_caches/cga_jimfs_main_public_test_customEntry0_classPathd182402c.cache
jshrink_caches/cga_jimfs_customEntry162fd_classPathd182402c.cache,./sample-projects/google_jimfs/jshrink_caches/cga_jimfs_customEntry162fd_classPathd182402c.cache
jshrink_caches/cga_retrofit1-okhttp3-client_customEntryb512_classPath71bd704.cache,./sample-projects/JakeWharton_retrofit1-okhttp3-client/jshrink_caches/cga_retrofit1-okhttp3-client_customEntryb512_classPath71bd704.cache
jshrink_caches/cga_retrofit1-okhttp3-client_main_public_test_customEntry0_classPath71bd704.cache,./sample-projects/JakeWharton_retrofit1-okhttp3-client/jshrink_caches/cga_retrofit1-okhttp3-client_main_public_test_customEntry0_classPath71bd704.cache
jshrink_caches/cga_google-java-format_main_public_test_customEntry0_classPath57405298.cache,./sample-projects/google_google-java-format/jshrink_caches/cga_google-java-format_main_public_test_customEntry0_classPath57405298.cache
jshrink_caches/cga_google-java-format_customEntry1e474_classPath57405298.cache,./sample-projects/google_google-java-format/jshrink_caches/cga_google-java-format_customEntry1e474_classPath57405298.cache
jshrink_caches/cga_commons-lang3_main_public_test_customEntry0_classPathf9de7326.cache,./sample-projects/apache_commons-lang/jshrink_caches/cga_commons-lang3_main_public_test_customEntry0_classPathf9de7326.cache
jshrink_caches/cga_graylog-plugin-archetype_main_public_test_customEntry0_classPath32e13826.cache,./sample-projects/Graylog2_graylog2-server/jshrink_caches/cga_graylog-plugin-archetype_main_public_test_customEntry0_classPath32e13826.cache
jshrink_caches/cga_json-schema-validator_main_public_test_customEntry0_classPath107e6aa0.cache,./sample-projects/jayway_rest-assured/jshrink_caches/cga_json-schema-validator_main_public_test_customEntry0_classPath107e6aa0.cache
jshrink_caches/cga_rest-assured-itest-java-osgi_main_public_test_customEntry0_classPathd60bc644.cache,./sample-projects/jayway_rest-assured/jshrink_caches/cga_rest-assured-itest-java-osgi_main_public_test_customEntry0_classPathd60bc644.cache
jshrink_caches/cga_frontend-plugin-core_customEntry8097_classPathd94c83f4.cache,./sample-projects/eirslett_frontend-maven-plugin/jshrink_caches/cga_frontend-plugin-core_customEntry8097_classPathd94c83f4.cache
jshrink_caches/cga_frontend-maven-plugin_main_public_test_customEntry0_classPath64f16dbf.cache,./sample-projects/eirslett_frontend-maven-plugin/jshrink_caches/cga_frontend-maven-plugin_main_public_test_customEntry0_classPath64f16dbf.cache
jshrink_caches/cga_frontend-plugin-core_main_public_test_customEntry0_classPathd94c83f4.cache,./sample-projects/eirslett_frontend-maven-plugin/jshrink_caches/cga_frontend-plugin-core_main_public_test_customEntry0_classPathd94c83f4.cache
jshrink_caches/cga_tprofiler_main_public_test_customEntry0_classPath2e0608cc.cache,./sample-projects/alibaba_TProfiler/jshrink_caches/cga_tprofiler_main_public_test_customEntry0_classPath2e0608cc.cache
jshrink_caches/cga_tprofiler_customEntry7db1_classPath2e0608cc.cache,./sample-projects/alibaba_TProfiler/jshrink_caches/cga_tprofiler_customEntry7db1_classPath2e0608cc.cache
jshrink_caches/cga_mysql-storage_main_public_test_customEntry0_classPath96093922.cache,./sample-projects/dubboclub_dubbokeeper/jshrink_caches/cga_mysql-storage_main_public_test_customEntry0_classPath96093922.cache
jshrink_caches/cga_storage-api_main_public_test_customEntry0_classPatha1464de5.cache,./sample-projects/dubboclub_dubbokeeper/jshrink_caches/cga_storage-api_main_public_test_customEntry0_classPatha1464de5.cache
jshrink_caches/cga_lucene-storage_main_public_test_customEntry0_classPath906cf255.cache,./sample-projects/dubboclub_dubbokeeper/jshrink_caches/cga_lucene-storage_main_public_test_customEntry0_classPath906cf255.cache
jshrink_caches/cga_dubbokeeper-server_main_public_test_customEntry0_classPath5200b3fc.cache,./sample-projects/dubboclub_dubbokeeper/jshrink_caches/cga_dubbokeeper-server_main_public_test_customEntry0_classPath5200b3fc.cache
jshrink_caches/cga_dubbokeeper-admin_main_public_test_customEntry0_classPath726f9031.cache,./sample-projects/dubboclub_dubbokeeper/jshrink_caches/cga_dubbokeeper-admin_main_public_test_customEntry0_classPath726f9031.cache
jshrink_caches/cga_dubbokeeper-monitor_main_public_test_customEntry0_classPath76d9ed03.cache,./sample-projects/dubboclub_dubbokeeper/jshrink_caches/cga_dubbokeeper-monitor_main_public_test_customEntry0_classPath76d9ed03.cache
jshrink_caches/cga_dubbokeeper-ui_main_public_test_customEntry0_classPath51bdd3f0.cache,./sample-projects/dubboclub_dubbokeeper/jshrink_caches/cga_dubbokeeper-ui_main_public_test_customEntry0_classPath51bdd3f0.cache
jshrink_caches/cga_dubbokeeper-ui_customEntry8968_classPath51bdd3f0.cache,./sample-projects/dubboclub_dubbokeeper/jshrink_caches/cga_dubbokeeper-ui_customEntry8968_classPath51bdd3f0.cache
jshrink_caches/cga_mongodb-storage_main_public_test_customEntry0_classPath69de31f1.cache,./sample-projects/dubboclub_dubbokeeper/jshrink_caches/cga_mongodb-storage_main_public_test_customEntry0_classPath69de31f1.cache
jshrink_caches/cga_mysql-storage_customEntry0_classPath96093922.cache,./sample-projects/dubboclub_dubbokeeper/jshrink_caches/cga_mysql-storage_customEntry0_classPath96093922.cache
jshrink_caches/cga_mongodb-storage_customEntry0_classPath69de31f1.cache,./sample-projects/dubboclub_dubbokeeper/jshrink_caches/cga_mongodb-storage_customEntry0_classPath69de31f1.cache
jshrink_caches/cga_sjk-cli_main_public_test_customEntry0_classPath32ee1751.cache,./sample-projects/aragozin_jvm-tools/jshrink_caches/cga_sjk-cli_main_public_test_customEntry0_classPath32ee1751.cache
jshrink_caches/cga_sjk-hflame_main_public_test_customEntry0_classPath579ab573.cache,./sample-projects/aragozin_jvm-tools/jshrink_caches/cga_sjk-hflame_main_public_test_customEntry0_classPath579ab573.cache
jshrink_caches/cga_sjk-hflame_customEntry154_classPath579ab573.cache,./sample-projects/aragozin_jvm-tools/jshrink_caches/cga_sjk-hflame_customEntry154_classPath579ab573.cache
jshrink_caches/cga_hprof-heap_customEntryee10_classPath32a2fbfa.cache,./sample-projects/aragozin_jvm-tools/jshrink_caches/cga_hprof-heap_customEntryee10_classPath32a2fbfa.cache
jshrink_caches/cga_gcflow_customEntry9c_classPatha40b5c4e.cache,./sample-projects/aragozin_jvm-tools/jshrink_caches/cga_gcflow_customEntry9c_classPatha40b5c4e.cache
jshrink_caches/cga_ygc-bench_main_public_test_customEntry0_classPathf10ce13d.cache,./sample-projects/aragozin_jvm-tools/jshrink_caches/cga_ygc-bench_main_public_test_customEntry0_classPathf10ce13d.cache
jshrink_caches/cga_sjk-core_main_public_test_customEntry0_classPath60a17e88.cache,./sample-projects/aragozin_jvm-tools/jshrink_caches/cga_sjk-core_main_public_test_customEntry0_classPath60a17e88.cache
jshrink_caches/cga_sjk-core_customEntry3252_classPath60a17e88.cache,./sample-projects/aragozin_jvm-tools/jshrink_caches/cga_sjk-core_customEntry3252_classPath60a17e88.cache
jshrink_caches/cga_hprof-heap_main_public_test_customEntry0_classPath32a2fbfa.cache,./sample-projects/aragozin_jvm-tools/jshrink_caches/cga_hprof-heap_main_public_test_customEntry0_classPath32a2fbfa.cache
jshrink_caches/cga_sjk-win32_main_public_test_customEntry0_classPathf3e21873.cache,./sample-projects/aragozin_jvm-tools/jshrink_caches/cga_sjk-win32_main_public_test_customEntry0_classPathf3e21873.cache
jshrink_caches/cga_gcflow_main_public_test_customEntry0_classPatha40b5c4e.cache,./sample-projects/aragozin_jvm-tools/jshrink_caches/cga_gcflow_main_public_test_customEntry0_classPatha40b5c4e.cache
jshrink_caches/cga_sjk-stacktrace_main_public_test_customEntry0_classPathdf9763eb.cache,./sample-projects/aragozin_jvm-tools/jshrink_caches/cga_sjk-stacktrace_main_public_test_customEntry0_classPathdf9763eb.cache
jshrink_caches/cga_mxdump_main_public_test_customEntry0_classPathf10ce13d.cache,./sample-projects/aragozin_jvm-tools/jshrink_caches/cga_mxdump_main_public_test_customEntry0_classPathf10ce13d.cache
jshrink_caches/cga_sjk-stacktrace_customEntry5fff_classPathdf9763eb.cache,./sample-projects/aragozin_jvm-tools/jshrink_caches/cga_sjk-stacktrace_customEntry5fff_classPathdf9763eb.cache
jshrink_caches/cga_canal.meta_main_public_test_customEntry0_classPath1d4edde5.cache,./sample-projects/alibaba_canal/jshrink_caches/cga_canal.meta_main_public_test_customEntry0_classPath1d4edde5.cache
jshrink_caches/cga_canal.server_main_public_test_customEntry0_classPath64db77a5.cache,./sample-projects/alibaba_canal/jshrink_caches/cga_canal.server_main_public_test_customEntry0_classPath64db77a5.cache
jshrink_caches/cga_replaying-share-kotlin_customEntry8d34_classPathd4869fff.cache,./sample-projects/JakeWharton_RxReplayingShare/jshrink_caches/cga_replaying-share-kotlin_customEntry8d34_classPathd4869fff.cache
jshrink_caches/cga_replaying-share_customEntry269_classPath75e982ab.cache,./sample-projects/JakeWharton_RxReplayingShare/jshrink_caches/cga_replaying-share_customEntry269_classPath75e982ab.cache
jshrink_caches/cga_replaying-share_main_public_test_customEntry0_classPath75e982ab.cache,./sample-projects/JakeWharton_RxReplayingShare/jshrink_caches/cga_replaying-share_main_public_test_customEntry0_classPath75e982ab.cache
jshrink_caches/cga_replaying-share-kotlin_main_public_test_customEntry0_classPathd4869fff.cache,./sample-projects/JakeWharton_RxReplayingShare/jshrink_caches/cga_replaying-share-kotlin_main_public_test_customEntry0_classPathd4869fff.cache
jshrink_caches/cga_gson_main_public_test_customEntry0_classPathf41a7677.cache,./sample-projects/google_gson/jshrink_caches/cga_gson_main_public_test_customEntry0_classPathf41a7677.cache
jshrink_caches/cga_gson_customEntry2b720_classPathf41a7677.cache,./sample-projects/google_gson/jshrink_caches/cga_gson_customEntry2b720_classPathf41a7677.cache
jshrink_caches/cga_webmagic-scripts_main_public_test_customEntry0_classPath2b091a37.cache,./sample-projects/code4craft_webmagic/jshrink_caches/cga_webmagic-scripts_main_public_test_customEntry0_classPath2b091a37.cache
jshrink_caches/cga_webmagic-extension_main_public_test_customEntry0_classPath32feb953.cache,./sample-projects/code4craft_webmagic/jshrink_caches/cga_webmagic-extension_main_public_test_customEntry0_classPath32feb953.cache
jshrink_caches/cga_webmagic-core_main_public_test_customEntry0_classPath14fb7dd1.cache,./sample-projects/code4craft_webmagic/jshrink_caches/cga_webmagic-core_main_public_test_customEntry0_classPath14fb7dd1.cache
jshrink_caches/cga_webmagic-selenium_main_public_test_customEntry0_classPathe995844b.cache,./sample-projects/code4craft_webmagic/jshrink_caches/cga_webmagic-selenium_main_public_test_customEntry0_classPathe995844b.cache
jshrink_caches/cga_webmagic-saxon_main_public_test_customEntry0_classPath2c45bf2.cache,./sample-projects/code4craft_webmagic/jshrink_caches/cga_webmagic-saxon_main_public_test_customEntry0_classPath2c45bf2.cache
jshrink_caches/cga_webmagic-samples_main_public_test_customEntry0_classPathc655d11a.cache,./sample-projects/code4craft_webmagic/jshrink_caches/cga_webmagic-samples_main_public_test_customEntry0_classPathc655d11a.cache
jshrink_caches/cga_cglib-integration-test_main_public_test_customEntry0_classPathe482f0b3.cache,./sample-projects/cglib_cglib/jshrink_caches/cga_cglib-integration-test_main_public_test_customEntry0_classPathe482f0b3.cache
jshrink_caches/cga_cglib_customEntryd37d9_classPathf7a19f8.cache,./sample-projects/cglib_cglib/jshrink_caches/cga_cglib_customEntryd37d9_classPathf7a19f8.cache
jshrink_caches/cga_cglib-jmh_main_public_test_customEntry0_classPath2eab13c6.cache,./sample-projects/cglib_cglib/jshrink_caches/cga_cglib-jmh_main_public_test_customEntry0_classPath2eab13c6.cache
jshrink_caches/cga_cglib_main_public_test_customEntry0_classPathf7a19f8.cache,./sample-projects/cglib_cglib/jshrink_caches/cga_cglib_main_public_test_customEntry0_classPathf7a19f8.cache
jshrink_caches/cga_cglib-sample_main_public_test_customEntry0_classPathe5692f55.cache,./sample-projects/cglib_cglib/jshrink_caches/cga_cglib-sample_main_public_test_customEntry0_classPathe5692f55.cache
jshrink_caches/cga_disunity-cli_main_public_test_customEntry0_classPath50636623.cache,./sample-projects/ata4_disunity/jshrink_caches/cga_disunity-cli_main_public_test_customEntry0_classPath50636623.cache
jshrink_caches/cga_disunity-core_main_public_test_customEntry0_classPatha1668c37.cache,./sample-projects/ata4_disunity/jshrink_caches/cga_disunity-core_main_public_test_customEntry0_classPatha1668c37.cache
jshrink_caches/cga_disunity-core_customEntryea4c_classPatha1668c37.cache,./sample-projects/ata4_disunity/jshrink_caches/cga_disunity-core_customEntryea4c_classPatha1668c37.cache
jshrink_caches/cga_mockserver-integration-testing_main_public_test_customEntry0_classPath77366b63.cache,./sample-projects/jamesdbloom_mockserver/jshrink_caches/cga_mockserver-integration-testing_main_public_test_customEntry0_classPath77366b63.cache
jshrink_caches/cga_mockserver-netty_main_public_test_customEntry0_classPathd33462e3.cache,./sample-projects/jamesdbloom_mockserver/jshrink_caches/cga_mockserver-netty_main_public_test_customEntry0_classPathd33462e3.cache
jshrink_caches/cga_mockserver-proxy-war_main_public_test_customEntry0_classPathca07e74d.cache,./sample-projects/jamesdbloom_mockserver/jshrink_caches/cga_mockserver-proxy-war_main_public_test_customEntry0_classPathca07e74d.cache
jshrink_caches/cga_qart4j_main_public_test_customEntry0_classPath60c01e8f.cache,./sample-projects/dieforfree_qart4j/jshrink_caches/cga_qart4j_main_public_test_customEntry0_classPath60c01e8f.cache
jshrink_caches/cga_qart4j_customEntry2527_classPath60c01e8f.cache,./sample-projects/dieforfree_qart4j/jshrink_caches/cga_qart4j_customEntry2527_classPath60c01e8f.cache
jshrink_caches/cga_samples-spring-mvc_main_public_test_customEntry0_classPathf63d65af.cache,./sample-projects/apache_shiro/jshrink_caches/cga_samples-spring-mvc_main_public_test_customEntry0_classPathf63d65af.cache
jshrink_caches/cga_samples-sprhib_main_public_test_customEntry0_classPath50b40ee2.cache,./sample-projects/apache_shiro/jshrink_caches/cga_samples-sprhib_main_public_test_customEntry0_classPath50b40ee2.cache
jshrink_caches/cga_shiro-its-guice4_main_public_test_customEntry0_classPath3bf23ed8.cache,./sample-projects/apache_shiro/jshrink_caches/cga_shiro-its-guice4_main_public_test_customEntry0_classPath3bf23ed8.cache
jshrink_caches/cga_library_customEntry2ae7e_classPathdb84faa8.cache,./sample-projects/devnied_EMV-NFC-Paycard-Enrollment/jshrink_caches/cga_library_customEntry2ae7e_classPathdb84faa8.cache
jshrink_caches/cga_library_main_public_test_customEntry0_classPathdb84faa8.cache,./sample-projects/devnied_EMV-NFC-Paycard-Enrollment/jshrink_caches/cga_library_main_public_test_customEntry0_classPathdb84faa8.cache
jshrink_caches/cga_sample-pcsc_main_public_test_customEntry0_classPathbb83dc36.cache,./sample-projects/devnied_EMV-NFC-Paycard-Enrollment/jshrink_caches/cga_sample-pcsc_main_public_test_customEntry0_classPathbb83dc36.cache
jshrink_caches/cga_truth-liteproto-extension_main_public_test_customEntry0_classPath60c6add7.cache,./sample-projects/google_truth/jshrink_caches/cga_truth-liteproto-extension_main_public_test_customEntry0_classPath60c6add7.cache
jshrink_caches/cga_truth-java8-extension_main_public_test_customEntry0_classPath1a83985f.cache,./sample-projects/google_truth/jshrink_caches/cga_truth-java8-extension_main_public_test_customEntry0_classPath1a83985f.cache
jshrink_caches/cga_truth-re2j-extension_main_public_test_customEntry0_classPath148412df.cache,./sample-projects/google_truth/jshrink_caches/cga_truth-re2j-extension_main_public_test_customEntry0_classPath148412df.cache
jshrink_caches/cga_bukkit_customEntry1a826_classPath3d6086b9.cache,./sample-projects/Bukkit_Bukkit/jshrink_caches/cga_bukkit_customEntry1a826_classPath3d6086b9.cache
jshrink_caches/cga_bukkit_main_public_test_customEntry0_classPath3d6086b9.cache,./sample-projects/Bukkit_Bukkit/jshrink_caches/cga_bukkit_main_public_test_customEntry0_classPath3d6086b9.cache
jshrink_caches/cga_mirror_main_public_test_customEntry0_classPath3d1ef326.cache,./sample-projects/immutables_immutables/jshrink_caches/cga_mirror_main_public_test_customEntry0_classPath3d1ef326.cache
jshrink_caches/cga_mongo_main_public_test_customEntry0_classPath91acc717.cache,./sample-projects/immutables_immutables/jshrink_caches/cga_mongo_main_public_test_customEntry0_classPath91acc717.cache
jshrink_caches/cga_encode_main_public_test_customEntry0_classPath32e13826.cache,./sample-projects/immutables_immutables/jshrink_caches/cga_encode_main_public_test_customEntry0_classPath32e13826.cache
jshrink_caches/cga_solo_main_public_test_customEntry0_classPath812e26ce.cache,./sample-projects/b3log_solo/jshrink_caches/cga_solo_main_public_test_customEntry0_classPath812e26ce.cache
jshrink_caches/cga_aws-java-sdk-codegen-maven-plugin_main_public_test_customEntry0_classPathb3bab58f.cache,./sample-projects/aws_aws-sdk-java/jshrink_caches/cga_aws-java-sdk-codegen-maven-plugin_main_public_test_customEntry0_classPathb3bab58f.cache
jshrink_caches/cga_aws-java-sdk-xray_main_public_test_customEntry0_classPathbaaec65.cache,./sample-projects/aws_aws-sdk-java/jshrink_caches/cga_aws-java-sdk-xray_main_public_test_customEntry0_classPathbaaec65.cache
jshrink_caches/cga_aws-java-sdk-sns_main_public_test_customEntry0_classPathb40fb1be.cache,./sample-projects/aws_aws-sdk-java/jshrink_caches/cga_aws-java-sdk-sns_main_public_test_customEntry0_classPathb40fb1be.cache
jshrink_caches/cga_aws-java-sdk-opsworkscm_main_public_test_customEntry0_classPathbaaec65.cache,./sample-projects/aws_aws-sdk-java/jshrink_caches/cga_aws-java-sdk-opsworkscm_main_public_test_customEntry0_classPathbaaec65.cache
jshrink_caches/cga_jre9-stub_main_public_test_customEntry0_classPathd5e656a5.cache,./sample-projects/consulo_consulo/jshrink_caches/cga_jre9-stub_main_public_test_customEntry0_classPathd5e656a5.cache
jshrink_caches/cga_consulo-bundle_main_public_test_customEntry0_classPathd7b61c41.cache,./sample-projects/consulo_consulo/jshrink_caches/cga_consulo-bundle_main_public_test_customEntry0_classPathd7b61c41.cache
jshrink_caches/cga_geode-binding_main_public_test_customEntry0_classPathf9ebea26.cache,./sample-projects/brianfrankcooper_YCSB/jshrink_caches/cga_geode-binding_main_public_test_customEntry0_classPathf9ebea26.cache
jshrink_caches/cga_rxrelay_main_public_test_customEntry0_classPath1de273e8.cache,./sample-projects/JakeWharton_RxRelay/jshrink_caches/cga_rxrelay_main_public_test_customEntry0_classPath1de273e8.cache
jshrink_caches/cga_rxrelay_customEntry16c13_classPath1de273e8.cache,./sample-projects/JakeWharton_RxRelay/jshrink_caches/cga_rxrelay_customEntry16c13_classPath1de273e8.cache
jshrink_caches/cga_dubbo-remoting-grizzly_main_public_test_customEntry0_classPath94fe865e.cache,./sample-projects/alibaba_dubbo/jshrink_caches/cga_dubbo-remoting-grizzly_main_public_test_customEntry0_classPath94fe865e.cache
jshrink_caches/cga_dubbo-remoting-netty_main_public_test_customEntry0_classPathd7e69a4a.cache,./sample-projects/alibaba_dubbo/jshrink_caches/cga_dubbo-remoting-netty_main_public_test_customEntry0_classPathd7e69a4a.cache
jshrink_caches/cga_dubbo-rpc-hessian_main_public_test_customEntry0_classPathe03654ed.cache,./sample-projects/alibaba_dubbo/jshrink_caches/cga_dubbo-rpc-hessian_main_public_test_customEntry0_classPathe03654ed.cache
jshrink_caches/cga_dubbo-test-spring3_main_public_test_customEntry0_classPathbabec9f7.cache,./sample-projects/alibaba_dubbo/jshrink_caches/cga_dubbo-test-spring3_main_public_test_customEntry0_classPathbabec9f7.cache
jshrink_caches/cga_dubbo-remoting-netty4_main_public_test_customEntry0_classPath4d143648.cache,./sample-projects/alibaba_dubbo/jshrink_caches/cga_dubbo-remoting-netty4_main_public_test_customEntry0_classPath4d143648.cache
jshrink_caches/cga_disklrucache_main_public_test_customEntry0_classPath44287d37.cache,./sample-projects/JakeWharton_DiskLruCache/jshrink_caches/cga_disklrucache_main_public_test_customEntry0_classPath44287d37.cache
jshrink_caches/cga_disklrucache_customEntry7ecf_classPath44287d37.cache,./sample-projects/JakeWharton_DiskLruCache/jshrink_caches/cga_disklrucache_customEntry7ecf_classPath44287d37.cache
jshrink_caches/cga_guice-struts2_main_public_test_customEntry0_classPathe67e75cd.cache,./sample-projects/google_guice/jshrink_caches/cga_guice-struts2_main_public_test_customEntry0_classPathe67e75cd.cache
jshrink_caches/cga_guice-grapher_main_public_test_customEntry0_classPathdbcac0e8.cache,./sample-projects/google_guice/jshrink_caches/cga_guice-grapher_main_public_test_customEntry0_classPathdbcac0e8.cache
jshrink_caches/cga_guice-assistedinject_main_public_test_customEntry0_classPathc2b09bbc.cache,./sample-projects/google_guice/jshrink_caches/cga_guice-assistedinject_main_public_test_customEntry0_classPathc2b09bbc.cache
jshrink_caches/cga_guice-multibindings_main_public_test_customEntry0_classPathc2b09bbc.cache,./sample-projects/google_guice/jshrink_caches/cga_guice-multibindings_main_public_test_customEntry0_classPathc2b09bbc.cache
jshrink_caches/cga_guice-servlet_main_public_test_customEntry0_classPatha84bf56d.cache,./sample-projects/google_guice/jshrink_caches/cga_guice-servlet_main_public_test_customEntry0_classPatha84bf56d.cache
jshrink_caches/cga_guice-testlib_main_public_test_customEntry0_classPath4cb996be.cache,./sample-projects/google_guice/jshrink_caches/cga_guice-testlib_main_public_test_customEntry0_classPath4cb996be.cache
jshrink_caches/cga_guice-persist_main_public_test_customEntry0_classPath20490bec.cache,./sample-projects/google_guice/jshrink_caches/cga_guice-persist_main_public_test_customEntry0_classPath20490bec.cache
jshrink_caches/cga_guice-spring_main_public_test_customEntry0_classPath3ccd0ba9.cache,./sample-projects/google_guice/jshrink_caches/cga_guice-spring_main_public_test_customEntry0_classPath3ccd0ba9.cache
jshrink_caches/cga_guice-jmx_main_public_test_customEntry0_classPathc2b09bbc.cache,./sample-projects/google_guice/jshrink_caches/cga_guice-jmx_main_public_test_customEntry0_classPathc2b09bbc.cache
jshrink_caches/cga_guice-throwingproviders_main_public_test_customEntry0_classPathded4b525.cache,./sample-projects/google_guice/jshrink_caches/cga_guice-throwingproviders_main_public_test_customEntry0_classPathded4b525.cache
jshrink_caches/cga_guice-jndi_main_public_test_customEntry0_classPathc2b09bbc.cache,./sample-projects/google_guice/jshrink_caches/cga_guice-jndi_main_public_test_customEntry0_classPathc2b09bbc.cache
jshrink_caches/cga_guice-dagger-adapter_main_public_test_customEntry0_classPathade8051e.cache,./sample-projects/google_guice/jshrink_caches/cga_guice-dagger-adapter_main_public_test_customEntry0_classPathade8051e.cache
jshrink_caches/cga_guava-testlib_main_public_test_customEntry0_classPath0.cache,./sample-projects/google_guava/jshrink_caches/cga_guava-testlib_main_public_test_customEntry0_classPath0.cache
jshrink_caches/cga_metrics-log4j2_main_public_test_customEntry0_classPath5833b503.cache,./sample-projects/dropwizard_metrics/jshrink_caches/cga_metrics-log4j2_main_public_test_customEntry0_classPath5833b503.cache
jshrink_caches/cga_metrics-jdbi_main_public_test_customEntry0_classPath30651024.cache,./sample-projects/dropwizard_metrics/jshrink_caches/cga_metrics-jdbi_main_public_test_customEntry0_classPath30651024.cache
jshrink_caches/cga_metrics-healthchecks_main_public_test_customEntry0_classPath98675714.cache,./sample-projects/dropwizard_metrics/jshrink_caches/cga_metrics-healthchecks_main_public_test_customEntry0_classPath98675714.cache
jshrink_caches/cga_metrics-ehcache_main_public_test_customEntry0_classPath856d84ea.cache,./sample-projects/dropwizard_metrics/jshrink_caches/cga_metrics-ehcache_main_public_test_customEntry0_classPath856d84ea.cache
jshrink_caches/cga_metrics-jcache_main_public_test_customEntry0_classPathcfe4ac51.cache,./sample-projects/dropwizard_metrics/jshrink_caches/cga_metrics-jcache_main_public_test_customEntry0_classPathcfe4ac51.cache
jshrink_caches/cga_metrics-jmx_main_public_test_customEntry0_classPathfeacd40e.cache,./sample-projects/dropwizard_metrics/jshrink_caches/cga_metrics-jmx_main_public_test_customEntry0_classPathfeacd40e.cache
jshrink_caches/cga_metrics-jcstress_main_public_test_customEntry0_classPath4cd28f8a.cache,./sample-projects/dropwizard_metrics/jshrink_caches/cga_metrics-jcstress_main_public_test_customEntry0_classPath4cd28f8a.cache
jshrink_caches/cga_metrics-httpasyncclient_main_public_test_customEntry0_classPath6f64d64e.cache,./sample-projects/dropwizard_metrics/jshrink_caches/cga_metrics-httpasyncclient_main_public_test_customEntry0_classPath6f64d64e.cache
jshrink_caches/cga_metrics-collectd_main_public_test_customEntry0_classPath6f6dae4a.cache,./sample-projects/dropwizard_metrics/jshrink_caches/cga_metrics-collectd_main_public_test_customEntry0_classPath6f6dae4a.cache
jshrink_caches/cga_metrics-jersey2_main_public_test_customEntry0_classPath7d8211cf.cache,./sample-projects/dropwizard_metrics/jshrink_caches/cga_metrics-jersey2_main_public_test_customEntry0_classPath7d8211cf.cache
jshrink_caches/cga_metrics-benchmarks_main_public_test_customEntry0_classPath6b564e59.cache,./sample-projects/dropwizard_metrics/jshrink_caches/cga_metrics-benchmarks_main_public_test_customEntry0_classPath6b564e59.cache
jshrink_caches/cga_metrics-core_main_public_test_customEntry0_classPath93d971a.cache,./sample-projects/dropwizard_metrics/jshrink_caches/cga_metrics-core_main_public_test_customEntry0_classPath93d971a.cache
jshrink_caches/cga_metrics-servlet_main_public_test_customEntry0_classPathdf7c09e0.cache,./sample-projects/dropwizard_metrics/jshrink_caches/cga_metrics-servlet_main_public_test_customEntry0_classPathdf7c09e0.cache
jshrink_caches/cga_starter_main_public_test_customEntry0_classPath4b961ae3.cache,./sample-projects/igniterealtime_Openfire/jshrink_caches/cga_starter_main_public_test_customEntry0_classPath4b961ae3.cache
jshrink_caches/cga_parent_main_public_test_customEntry0_classPath0.cache,./sample-projects/igniterealtime_Openfire/jshrink_caches/cga_parent_main_public_test_customEntry0_classPath0.cache
jshrink_caches/cga_dbutil_main_public_test_customEntry0_classPath32e13826.cache,./sample-projects/igniterealtime_Openfire/jshrink_caches/cga_dbutil_main_public_test_customEntry0_classPath32e13826.cache
jshrink_caches/cga_awaitility-osgi-test_customEntry2a180_classPath953a16da.cache,./sample-projects/jayway_awaitility/jshrink_caches/cga_awaitility-osgi-test_customEntry2a180_classPath953a16da.cache
jshrink_caches/cga_awaitility-java8-test_main_public_test_customEntry0_classPath81573eb0.cache,./sample-projects/jayway_awaitility/jshrink_caches/cga_awaitility-java8-test_main_public_test_customEntry0_classPath81573eb0.cache
jshrink_caches/cga_awaitility-proxy_main_public_test_customEntry0_classPathe6f07a2c.cache,./sample-projects/jayway_awaitility/jshrink_caches/cga_awaitility-proxy_main_public_test_customEntry0_classPathe6f07a2c.cache
jshrink_caches/cga_awaitility-java8-test_customEntryac54_classPath81573eb0.cache,./sample-projects/jayway_awaitility/jshrink_caches/cga_awaitility-java8-test_customEntryac54_classPath81573eb0.cache
jshrink_caches/cga_awaitility-scala_main_public_test_customEntry0_classPath8cc2af77.cache,./sample-projects/jayway_awaitility/jshrink_caches/cga_awaitility-scala_main_public_test_customEntry0_classPath8cc2af77.cache
jshrink_caches/cga_awaitility-groovy_customEntry1ffd34_classPathc8c03d93.cache,./sample-projects/jayway_awaitility/jshrink_caches/cga_awaitility-groovy_customEntry1ffd34_classPathc8c03d93.cache
jshrink_caches/cga_awaitility_customEntry2bdd_classPath426c7754.cache,./sample-projects/jayway_awaitility/jshrink_caches/cga_awaitility_customEntry2bdd_classPath426c7754.cache
jshrink_caches/cga_awaitility-proxy_customEntry3343_classPathe6f07a2c.cache,./sample-projects/jayway_awaitility/jshrink_caches/cga_awaitility-proxy_customEntry3343_classPathe6f07a2c.cache
jshrink_caches/cga_awaitility-test-support_main_public_test_customEntry0_classPath32e13826.cache,./sample-projects/jayway_awaitility/jshrink_caches/cga_awaitility-test-support_main_public_test_customEntry0_classPath32e13826.cache
jshrink_caches/cga_awaitility-osgi-test_main_public_test_customEntry0_classPath953a16da.cache,./sample-projects/jayway_awaitility/jshrink_caches/cga_awaitility-osgi-test_main_public_test_customEntry0_classPath953a16da.cache
jshrink_caches/cga_awaitility_main_public_test_customEntry0_classPath426c7754.cache,./sample-projects/jayway_awaitility/jshrink_caches/cga_awaitility_main_public_test_customEntry0_classPath426c7754.cache
jshrink_caches/cga_awaitility-groovy_main_public_test_customEntry0_classPathc8c03d93.cache,./sample-projects/jayway_awaitility/jshrink_caches/cga_awaitility-groovy_main_public_test_customEntry0_classPathc8c03d93.cache
jshrink_caches/cga_awaitility-scala_customEntry1d7_classPath8cc2af77.cache,./sample-projects/jayway_awaitility/jshrink_caches/cga_awaitility-scala_customEntry1d7_classPath8cc2af77.cache
jshrink_caches/cga_amazon-echo-bridge_main_public_test_customEntry0_classPatha6eb9b41.cache,./sample-projects/armzilla_amazon-echo-ha-bridge/jshrink_caches/cga_amazon-echo-bridge_main_public_test_customEntry0_classPatha6eb9b41.cache
